{
  "appetizers": [
    {
      "name": "Classic Caesar Salad",
      "price": "₱298"
    },
    {
      "name": "Greek Salad",
      "price": "₱280"
    },
    {
      "name": "Tomato Soup with Grilled Cheese Sandwich",
      "price": "₱288"
    },
    {
      "name": "Smoked Salmon In Caviar",
      "price": "₱408"
    }
  ],
  "mains": [
    {
      "name": "Ribeye Steak",
      "desc": "Includes creamy mashed potato, buttered veggies, and hearty mushroom soup.",
      "price": "₱698"
    },
    {
      "name": "Antonio's Angus Burger",
      "price": "₱488"
    },
    {
      "name": "Classic Fried Chicken and 2pc BBQ",
      "price": "₱450"
    },
    {
      "name": "Pom's Baked Ribs",
      "price": "₱598"
    }
  ],
  "pasta": [
    {
      "name": "Andrea Pasta",
      "price": "₱298"
    },
    {
      "name": "Scarlet's Shrimp Scampi",
      "desc": "Peeled prawns, garlic, tomatoes, olive oil, and parmesan cheese.",
      "price": "₱258"
    }
  ],
  "drinks": [
    {
      "name": "Mango Shake",
      "price": "₱150"
    },
    {
      "name": "Watermelon Shake",
      "price": "₱150"
    }
  ],
  "desserts": [
    {
      "name": "Mad Doc's Affogato",
      "price": "₱180"
    }
  ]
}
